[
    {
        "orderno":"s1",
        "orderdate":"24-aug",
        "customer":{
            "customer_fname":"mega",
            "customer_lname":"star"
        },
        "amount":900,
        "no_of_clothes":9
    },
    {
        "orderno":"s2",
        "orderdate":"2-sep",
        "customer":{
            "customer_fname":"power",
            "customer_lname":"star"
        },
        "amount":700,
        "no_of_clothes":7
    },
    {
        "orderno":"s3",
        "orderdate":"27-mar",
        "customer":{
            "customer_fname":"megapower",
            "customer_lname":"star"
        },
        "amount":900,
        "no_of_clothes":9
    },
    {
        "orderno":"s4",
        "orderdate":"27-dec",
        "customer":{
            "customer_fname":"siri",
            "customer_lname":"chinnu"
        },
        "amount":300,
        "no_of_clothes":3
    },
    {
        "orderno":"s5",
        "orderdate":"12-mar",
        "customer":{
            "customer_fname":"kalyan",
            "customer_lname":"sagar"
        },
        "amount":100,
        "no_of_clothes":4
    }

]