[
    {
        "order_no": "S1",
        "customer": {
            "customer_fname": "kalyan",
            "customer_lname": "sagar",
            "customer_age": 22
        },
        "orderdate": "12-march",
        "amount": 250,
        "number_of_clothes": 4
    },
    {
        "order_no": "S2",
        "customer": {
            "customer_fname": "siri",
            "customer_lname": "sagar",
            "customer_age": 24
        },
        "orderdate": "27-december",
        "amount": 350,
        "number_of_clothes" : 3

    },
    {
        "order_no": "S3",
        "customer": {
            "customer_fname": "chinnu",
            "customer_lname": "sagar",
            "customer_age": 27
            
        },
        "orderdate": "19-march",
        "amount": 270,
        "number_of_clothes":7
    }
]